{
"metadata": {
    "version": {
        "essentia": "2.1-beta1"
    }
},
"onsets": {
    "barkbands_kurtosis": {
        "Centroid": [0.698104143143],
        "Mean": [2612.68920898],
        "Median": [3780.55273438],
        "derAvAfterMax": [-0.0057541821152],
        "maxDerBeforeMax": [971.734375]
    },
    "barkbands_skewness": {
        "Centroid": [0.675391554832],
        "Mean": [38.7912940979],
        "Median": [56.0353736877],
        "derAvAfterMax": [-0.00456684408709],
        "maxDerBeforeMax": [7.67449188232]
    },
    "barkbands_spread": {
        "Centroid": [0.109653204679],
        "Mean": [2.44334459305],
        "Median": [0.108226805925],
        "derAvAfterMax": [-0.00239875190891],
        "maxDerBeforeMax": [8.99931812286]
    },
    "envelope": {
        "Centroid": [0.121325746179],
        "Mean": [0.00494591658935],
        "Median": [0.000926286971662],
        "derAvAfterMax": [-1.06970483102e-05],
        "maxDerBeforeMax": [0.0152479093522]
    },
    "mainHPCP0": {
        "Centroid": [0.471570551395],
        "Mean": [6.26008987427],
        "Median": [7],
        "derAvAfterMax": [-0.000223197683226],
        "maxDerBeforeMax": [6]
    },
    "mainHPCP1": {
        "Centroid": [0.592742919922],
        "Mean": [3.8903837204],
        "Median": [3],
        "derAvAfterMax": [0.000387747189961],
        "maxDerBeforeMax": [9]
    },
    "pitchSalience": {
        "Centroid": [0.500206828117],
        "Mean": [0.994291245937],
        "Median": [0.994677364826],
        "derAvAfterMax": [-2.67620021077e-06],
        "maxDerBeforeMax": [0.991792798042]
    },
    "spectral_crest": {
        "Centroid": [0.536024093628],
        "Mean": [24.8220710754],
        "Median": [26.9388694763],
        "derAvAfterMax": [-4.39109462604e-05],
        "maxDerBeforeMax": [9.11492156982]
    },
    "spectral_flatness_db": {
        "Centroid": [0.515472531319],
        "Mean": [0.495798766613],
        "Median": [0.512237429619],
        "derAvAfterMax": [-0.000456697831396],
        "maxDerBeforeMax": [0.256567656994]
    },
    "slice": {
        "time": [0.703719139099, 47.3106575012]
    }
},
"audiopath": "\/Users\/mhermant\/Documents\/Work\/Datasets\/IOWA\/theremin.music.uiowa.edu\/sound files\/MIS\/Piano_Other\/piano\/Piano.ff.E4.aiff"
}