{
"metadata": {
    "version": {
        "essentia": "2.1-beta1"
    }
},
"onsets": {
    "barkbands_kurtosis": {
        "Centroid": [0.776246666908],
        "Mean": [1719.80444336],
        "Median": [374.84664917],
        "derAvAfterMax": [-0.00515011884272],
        "maxDerBeforeMax": [783.967773438]
    },
    "barkbands_skewness": {
        "Centroid": [0.749973893166],
        "Mean": [27.3700771332],
        "Median": [15.147026062],
        "derAvAfterMax": [-0.00394715415314],
        "maxDerBeforeMax": [5.98048019409]
    },
    "barkbands_spread": {
        "Centroid": [0.179599240422],
        "Mean": [2.87422060966],
        "Median": [0.379105508327],
        "derAvAfterMax": [-0.00071148754796],
        "maxDerBeforeMax": [8.81529426575]
    },
    "envelope": {
        "Centroid": [0.141812980175],
        "Mean": [0.00460371095687],
        "Median": [0.00103636155836],
        "derAvAfterMax": [-8.88412705535e-06],
        "maxDerBeforeMax": [0.0174432992935]
    },
    "mainHPCP0": {
        "Centroid": [0.455791950226],
        "Mean": [5.13943433762],
        "Median": [7],
        "derAvAfterMax": [0.000491561542731],
        "maxDerBeforeMax": [11]
    },
    "mainHPCP1": {
        "Centroid": [0.631639301777],
        "Mean": [2.64491462708],
        "Median": [2],
        "derAvAfterMax": [0.00155257584993],
        "maxDerBeforeMax": [11]
    },
    "pitchSalience": {
        "Centroid": [0.500090181828],
        "Mean": [0.994518399239],
        "Median": [0.994649410248],
        "derAvAfterMax": [2.12136271216e-07],
        "maxDerBeforeMax": [0.99334526062]
    },
    "spectral_crest": {
        "Centroid": [0.570605933666],
        "Mean": [22.5537815094],
        "Median": [26.674621582],
        "derAvAfterMax": [-6.52330854791e-05],
        "maxDerBeforeMax": [8.09351921082]
    },
    "spectral_flatness_db": {
        "Centroid": [0.535844027996],
        "Mean": [0.455382138491],
        "Median": [0.47591483593],
        "derAvAfterMax": [-0.000754267675802],
        "maxDerBeforeMax": [0.285719752312]
    },
    "slice": {
        "time": [0.593423843384, 46.1496582031]
    }
},
"audiopath": "\/Users\/mhermant\/Documents\/Work\/Datasets\/IOWA\/theremin.music.uiowa.edu\/sound files\/MIS\/Piano_Other\/piano\/Piano.ff.A2.aiff"
}