{
"metadata": {
    "version": {
        "essentia": "2.1-beta1"
    }
},
"onsets": {
    "barkbands_kurtosis": {
        "Centroid": [0.803781211376],
        "Mean": [1243.71337891],
        "Median": [449.617492676],
        "derAvAfterMax": [-0.00099184375722],
        "maxDerBeforeMax": [1022.02587891]
    },
    "barkbands_skewness": {
        "Centroid": [0.762600600719],
        "Mean": [21.4220905304],
        "Median": [13.74177742],
        "derAvAfterMax": [-0.000797027547378],
        "maxDerBeforeMax": [8.12532043457]
    },
    "barkbands_spread": {
        "Centroid": [0.169844523072],
        "Mean": [1.7463247776],
        "Median": [0.31006026268],
        "derAvAfterMax": [-0.000539452594239],
        "maxDerBeforeMax": [10.8660860062]
    },
    "envelope": {
        "Centroid": [0.158514454961],
        "Mean": [0.00454539479688],
        "Median": [0.00121303135529],
        "derAvAfterMax": [-6.30311478744e-06],
        "maxDerBeforeMax": [0.0133400633931]
    },
    "mainHPCP0": {
        "Centroid": [0.515894830227],
        "Mean": [7.78121185303],
        "Median": [9],
        "derAvAfterMax": [-9.50841495069e-05],
        "maxDerBeforeMax": [8]
    },
    "mainHPCP1": {
        "Centroid": [0.492347210646],
        "Mean": [4.59179925919],
        "Median": [3],
        "derAvAfterMax": [0.000378167140298],
        "maxDerBeforeMax": [8]
    },
    "pitchSalience": {
        "Centroid": [0.500028908253],
        "Mean": [0.994798779488],
        "Median": [0.994831562042],
        "derAvAfterMax": [0.000324321154039],
        "maxDerBeforeMax": [0.993348538876]
    },
    "spectral_crest": {
        "Centroid": [0.58546179533],
        "Mean": [21.2446498871],
        "Median": [25.3228416443],
        "derAvAfterMax": [-0.000999622629024],
        "maxDerBeforeMax": [7.64003753662]
    },
    "spectral_flatness_db": {
        "Centroid": [0.525245964527],
        "Mean": [0.464191704988],
        "Median": [0.476049184799],
        "derAvAfterMax": [-0.000425050791819],
        "maxDerBeforeMax": [0.261008381844]
    },
    "slice": {
        "time": [0.843039512634, 76.7303390503]
    }
},
"audiopath": "\/Users\/mhermant\/Documents\/Work\/Datasets\/IOWA\/theremin.music.uiowa.edu\/sound files\/MIS\/Piano_Other\/piano\/Piano.ff.Gb1.aiff"
}