{
"metadata": {
    "version": {
        "essentia": "2.1-beta1"
    }
},
"onsets": {
    "barkbands_kurtosis": {
        "Centroid": [0.638788163662],
        "Mean": [591.489990234],
        "Median": [760.748291016],
        "derAvAfterMax": [-0.00385224865749],
        "maxDerBeforeMax": [231.764953613]
    },
    "barkbands_skewness": {
        "Centroid": [0.630073308945],
        "Mean": [19.7679691315],
        "Median": [25.7411079407],
        "derAvAfterMax": [-0.00244939723052],
        "maxDerBeforeMax": [3.83765029907]
    },
    "barkbands_spread": {
        "Centroid": [0.150228977203],
        "Mean": [5.71182441711],
        "Median": [0.578153908253],
        "derAvAfterMax": [-0.00654660724103],
        "maxDerBeforeMax": [12.2349720001]
    },
    "envelope": {
        "Centroid": [0.128762796521],
        "Mean": [0.00647681253031],
        "Median": [0.00082550465595],
        "derAvAfterMax": [-1.35030704769e-05],
        "maxDerBeforeMax": [0.027940236032]
    },
    "mainHPCP0": {
        "Centroid": [0.558079779148],
        "Mean": [4.75786924362],
        "Median": [5],
        "derAvAfterMax": [0.000572300632484],
        "maxDerBeforeMax": [10]
    },
    "mainHPCP1": {
        "Centroid": [0.497061401606],
        "Mean": [5.14124298096],
        "Median": [5],
        "derAvAfterMax": [0.000315109500661],
        "maxDerBeforeMax": [7]
    },
    "pitchSalience": {
        "Centroid": [0.500067770481],
        "Mean": [0.994575679302],
        "Median": [0.994672596455],
        "derAvAfterMax": [0.000395507988287],
        "maxDerBeforeMax": [0.991979837418]
    },
    "spectral_crest": {
        "Centroid": [0.51838606596],
        "Mean": [25.5867595673],
        "Median": [26.7597236633],
        "derAvAfterMax": [-0.00030729023274],
        "maxDerBeforeMax": [17.3519096375]
    },
    "spectral_flatness_db": {
        "Centroid": [0.510124087334],
        "Mean": [0.389844954014],
        "Median": [0.397794812918],
        "derAvAfterMax": [-0.000657568394672],
        "maxDerBeforeMax": [0.237818732858]
    },
    "slice": {
        "time": [0.430884242058, 14.8259410858]
    }
},
"audiopath": "\/Users\/mhermant\/Documents\/Work\/Datasets\/IOWA\/theremin.music.uiowa.edu\/sound files\/MIS\/Piano_Other\/piano\/Piano.ff.Bb6.aiff"
}