{
"metadata": {
    "version": {
        "essentia": "2.1-beta1"
    }
},
"onsets": {
    "barkbands_kurtosis": {
        "Centroid": [0.70189088583],
        "Mean": [345.858337402],
        "Median": [438.821960449],
        "derAvAfterMax": [-0.00248825596645],
        "maxDerBeforeMax": [212.167175293]
    },
    "barkbands_skewness": {
        "Centroid": [0.699924945831],
        "Mean": [13.5279073715],
        "Median": [19.2863388062],
        "derAvAfterMax": [-0.00210378924385],
        "maxDerBeforeMax": [3.82177352905]
    },
    "barkbands_spread": {
        "Centroid": [0.286188960075],
        "Mean": [3.62094187737],
        "Median": [0.896716535091],
        "derAvAfterMax": [0.226495340466],
        "maxDerBeforeMax": [9.87289810181]
    },
    "envelope": {
        "Centroid": [0.115068748593],
        "Mean": [0.00522255152464],
        "Median": [0.000456664536614],
        "derAvAfterMax": [-1.29690024551e-05],
        "maxDerBeforeMax": [0.014417364262]
    },
    "mainHPCP0": {
        "Centroid": [0.470131397247],
        "Mean": [6.34424066544],
        "Median": [8],
        "derAvAfterMax": [-0.00063952250639],
        "maxDerBeforeMax": [8]
    },
    "mainHPCP1": {
        "Centroid": [0.48579493165],
        "Mean": [5.497382164],
        "Median": [6],
        "derAvAfterMax": [0.00024183797359],
        "maxDerBeforeMax": [8]
    },
    "pitchSalience": {
        "Centroid": [0.500100910664],
        "Mean": [0.994462549686],
        "Median": [0.994617342949],
        "derAvAfterMax": [0.000343237537891],
        "maxDerBeforeMax": [0.994023799896]
    },
    "spectral_crest": {
        "Centroid": [0.52212947607],
        "Mean": [24.8201560974],
        "Median": [26.5945968628],
        "derAvAfterMax": [-0.000512294936925],
        "maxDerBeforeMax": [25.9182548523]
    },
    "spectral_flatness_db": {
        "Centroid": [0.480191081762],
        "Mean": [0.396490871906],
        "Median": [0.383009910583],
        "derAvAfterMax": [-0.000748313730583],
        "maxDerBeforeMax": [0.492800742388]
    },
    "slice": {
        "time": [0.40185931325, 18.1463947296]
    }
},
"audiopath": "\/Users\/mhermant\/Documents\/Work\/Datasets\/IOWA\/theremin.music.uiowa.edu\/sound files\/MIS\/Piano_Other\/piano\/Piano.mf.F5.aiff"
}