{
"metadata": {
    "version": {
        "essentia": "2.1-beta1"
    }
},
"onsets": {
    "barkbands_kurtosis": {
        "Centroid": [0.576523840427],
        "Mean": [761.96295166],
        "Median": [877.101745605],
        "derAvAfterMax": [-0.00419599423185],
        "maxDerBeforeMax": [211.17388916]
    },
    "barkbands_skewness": {
        "Centroid": [0.569058179855],
        "Mean": [24.0175170898],
        "Median": [27.6493644714],
        "derAvAfterMax": [-0.0035279521253],
        "maxDerBeforeMax": [3.36692237854]
    },
    "barkbands_spread": {
        "Centroid": [0.145945355296],
        "Mean": [2.69724774361],
        "Median": [0.501662611961],
        "derAvAfterMax": [-0.0224612299353],
        "maxDerBeforeMax": [17.9752502441]
    },
    "envelope": {
        "Centroid": [0.130121156573],
        "Mean": [0.00808395445347],
        "Median": [0.00111819175072],
        "derAvAfterMax": [-1.3911338101e-05],
        "maxDerBeforeMax": [0.00787304248661]
    },
    "mainHPCP0": {
        "Centroid": [0.46799582243],
        "Mean": [6.02484989166],
        "Median": [6],
        "derAvAfterMax": [0.000284940877464],
        "maxDerBeforeMax": [11]
    },
    "mainHPCP1": {
        "Centroid": [0.468686044216],
        "Mean": [5.47043704987],
        "Median": [5],
        "derAvAfterMax": [0],
        "maxDerBeforeMax": [10]
    },
    "pitchSalience": {
        "Centroid": [0.500048220158],
        "Mean": [0.994636416435],
        "Median": [0.994705021381],
        "derAvAfterMax": [0.000507965916768],
        "maxDerBeforeMax": [0.99263638258]
    },
    "spectral_crest": {
        "Centroid": [0.506923854351],
        "Mean": [26.3512020111],
        "Median": [26.7874698639],
        "derAvAfterMax": [-0.000142309174407],
        "maxDerBeforeMax": [23.4556236267]
    },
    "spectral_flatness_db": {
        "Centroid": [0.511659145355],
        "Mean": [0.396077781916],
        "Median": [0.406563460827],
        "derAvAfterMax": [-0.000500355672557],
        "maxDerBeforeMax": [0.311773836613]
    },
    "slice": {
        "time": [0.256734669209, 13.8158731461]
    }
},
"audiopath": "\/Users\/mhermant\/Documents\/Work\/Datasets\/IOWA\/theremin.music.uiowa.edu\/sound files\/MIS\/Piano_Other\/piano\/Piano.ff.D7.aiff"
}