{
"metadata": {
    "version": {
        "essentia": "2.1-beta1"
    }
},
"onsets": {
    "barkbands_kurtosis": {
        "Centroid": [0.704945206642],
        "Mean": [2660.83618164],
        "Median": [3176.03564453],
        "derAvAfterMax": [-0.00849113985896],
        "maxDerBeforeMax": [766.518554688]
    },
    "barkbands_skewness": {
        "Centroid": [0.675743460655],
        "Mean": [39.6841583252],
        "Median": [51.4362106323],
        "derAvAfterMax": [-0.0063045527786],
        "maxDerBeforeMax": [5.81409454346]
    },
    "barkbands_spread": {
        "Centroid": [0.129118308425],
        "Mean": [2.88482904434],
        "Median": [0.117849729955],
        "derAvAfterMax": [-0.00705280108377],
        "maxDerBeforeMax": [4.1470041275]
    },
    "envelope": {
        "Centroid": [0.113025203347],
        "Mean": [0.00994507782161],
        "Median": [0.000952517148107],
        "derAvAfterMax": [-1.30891939989e-05],
        "maxDerBeforeMax": [0.00125018332619]
    },
    "mainHPCP0": {
        "Centroid": [0.582373976707],
        "Mean": [3.80125641823],
        "Median": [1],
        "derAvAfterMax": [-0.00145536870696],
        "maxDerBeforeMax": [9]
    },
    "mainHPCP1": {
        "Centroid": [0.469277858734],
        "Mean": [5.39977169037],
        "Median": [5],
        "derAvAfterMax": [-0.000106507613964],
        "maxDerBeforeMax": [10]
    },
    "pitchSalience": {
        "Centroid": [0.500102102757],
        "Mean": [0.994506895542],
        "Median": [0.994672834873],
        "derAvAfterMax": [0.000202851748327],
        "maxDerBeforeMax": [0.992648780346]
    },
    "spectral_crest": {
        "Centroid": [0.517464339733],
        "Mean": [25.8192157745],
        "Median": [26.9501667023],
        "derAvAfterMax": [-2.78279330814e-05],
        "maxDerBeforeMax": [23.4517784119]
    },
    "spectral_flatness_db": {
        "Centroid": [0.506533920765],
        "Mean": [0.512187063694],
        "Median": [0.517987310886],
        "derAvAfterMax": [-0.00029297650326],
        "maxDerBeforeMax": [0.323877751827]
    },
    "slice": {
        "time": [0.454104185104, 20.7934684753]
    }
},
"audiopath": "\/Users\/mhermant\/Documents\/Work\/Datasets\/IOWA\/theremin.music.uiowa.edu\/sound files\/MIS\/Piano_Other\/piano\/Piano.ff.Bb5.aiff"
}