{
"metadata": {
    "version": {
        "essentia": "2.1-beta1"
    }
},
"onsets": {
    "barkbands_kurtosis": {
        "Centroid": [0.679945290089],
        "Mean": [290.769836426],
        "Median": [283.457550049],
        "derAvAfterMax": [-0.00154873367865],
        "maxDerBeforeMax": [224.453796387]
    },
    "barkbands_skewness": {
        "Centroid": [0.661147177219],
        "Mean": [12.7116804123],
        "Median": [15.0302257538],
        "derAvAfterMax": [-0.00128676078748],
        "maxDerBeforeMax": [4.47488594055]
    },
    "barkbands_spread": {
        "Centroid": [0.394955039024],
        "Mean": [2.78359627724],
        "Median": [1.12563979626],
        "derAvAfterMax": [0.0791081935167],
        "maxDerBeforeMax": [25.1184444427]
    },
    "envelope": {
        "Centroid": [0.0769719779491],
        "Mean": [0.00614030472934],
        "Median": [0.000405022699852],
        "derAvAfterMax": [-1.35943819259e-05],
        "maxDerBeforeMax": [0.0065546524711]
    },
    "mainHPCP0": {
        "Centroid": [0.61491382122],
        "Mean": [3.50258350372],
        "Median": [2],
        "derAvAfterMax": [0.000138677016366],
        "maxDerBeforeMax": [9]
    },
    "mainHPCP1": {
        "Centroid": [0.452389597893],
        "Mean": [6.28625535965],
        "Median": [6],
        "derAvAfterMax": [-0.000434782617958],
        "maxDerBeforeMax": [9]
    },
    "pitchSalience": {
        "Centroid": [0.500099182129],
        "Mean": [0.994460880756],
        "Median": [0.994629621506],
        "derAvAfterMax": [2.13073258237e-06],
        "maxDerBeforeMax": [0.992958605289]
    },
    "spectral_crest": {
        "Centroid": [0.526210784912],
        "Mean": [24.5406455994],
        "Median": [26.4668979645],
        "derAvAfterMax": [-0.00168076390401],
        "maxDerBeforeMax": [16.6069355011]
    },
    "spectral_flatness_db": {
        "Centroid": [0.485808998346],
        "Mean": [0.370623707771],
        "Median": [0.370923161507],
        "derAvAfterMax": [-0.000516573083587],
        "maxDerBeforeMax": [0.389898657799]
    },
    "slice": {
        "time": [0.454104185104, 34.1681632996]
    }
},
"audiopath": "\/Users\/mhermant\/Documents\/Work\/Datasets\/IOWA\/theremin.music.uiowa.edu\/sound files\/MIS\/Piano_Other\/piano\/Piano.mf.B4.aiff"
}