{
"metadata": {
    "version": {
        "essentia": "2.1-beta1"
    }
},
"onsets": {
    "barkbands_kurtosis": {
        "Centroid": [0.764615356922],
        "Mean": [1920.52722168],
        "Median": [417.994689941],
        "derAvAfterMax": [-0.00853224657476],
        "maxDerBeforeMax": [931.805664062]
    },
    "barkbands_skewness": {
        "Centroid": [0.728765904903],
        "Mean": [30.3697090149],
        "Median": [16.5535831451],
        "derAvAfterMax": [-0.00662325927988],
        "maxDerBeforeMax": [9.32301521301]
    },
    "barkbands_spread": {
        "Centroid": [0.14922913909],
        "Mean": [2.5258910656],
        "Median": [0.354342192411],
        "derAvAfterMax": [-0.00264116609469],
        "maxDerBeforeMax": [5.9254860878]
    },
    "envelope": {
        "Centroid": [0.0847654640675],
        "Mean": [0.0104423733428],
        "Median": [0.000985334976576],
        "derAvAfterMax": [-1.23186609926e-05],
        "maxDerBeforeMax": [0.00385808688588]
    },
    "mainHPCP0": {
        "Centroid": [0.428186923265],
        "Mean": [8.92593765259],
        "Median": [11],
        "derAvAfterMax": [0.000146209524246],
        "maxDerBeforeMax": [11]
    },
    "mainHPCP1": {
        "Centroid": [0.492292374372],
        "Mean": [5.33898878098],
        "Median": [6],
        "derAvAfterMax": [0.000784518837463],
        "maxDerBeforeMax": [9]
    },
    "pitchSalience": {
        "Centroid": [0.500202834606],
        "Mean": [0.994288802147],
        "Median": [0.99465483427],
        "derAvAfterMax": [-2.69255679086e-07],
        "maxDerBeforeMax": [0.991072773933]
    },
    "spectral_crest": {
        "Centroid": [0.533940911293],
        "Mean": [24.7773952484],
        "Median": [26.7701282501],
        "derAvAfterMax": [-7.74358850322e-05],
        "maxDerBeforeMax": [12.2312574387]
    },
    "spectral_flatness_db": {
        "Centroid": [0.512411117554],
        "Mean": [0.494545459747],
        "Median": [0.504017293453],
        "derAvAfterMax": [-0.000188063160749],
        "maxDerBeforeMax": [0.273530900478]
    },
    "slice": {
        "time": [0.546983957291, 36.1418571472]
    }
},
"audiopath": "\/Users\/mhermant\/Documents\/Work\/Datasets\/IOWA\/theremin.music.uiowa.edu\/sound files\/MIS\/Piano_Other\/piano\/Piano.ff.Ab4.aiff"
}