{
"metadata": {
    "version": {
        "essentia": "2.1-beta1"
    }
},
"onsets": {
    "barkbands_kurtosis": {
        "Centroid": [0.591577231884],
        "Mean": [752.573730469],
        "Median": [897.293029785],
        "derAvAfterMax": [-0.00547096086666],
        "maxDerBeforeMax": [284.434875488]
    },
    "barkbands_skewness": {
        "Centroid": [0.580190360546],
        "Mean": [23.6024017334],
        "Median": [27.9953651428],
        "derAvAfterMax": [-0.00400927150622],
        "maxDerBeforeMax": [4.72183418274]
    },
    "barkbands_spread": {
        "Centroid": [0.127456888556],
        "Mean": [3.68282175064],
        "Median": [0.496817827225],
        "derAvAfterMax": [-0.0191345419735],
        "maxDerBeforeMax": [17.380941391]
    },
    "envelope": {
        "Centroid": [0.139175191522],
        "Mean": [0.00678911805153],
        "Median": [0.00108423433267],
        "derAvAfterMax": [-1.38663663165e-05],
        "maxDerBeforeMax": [0.0143730118871]
    },
    "mainHPCP0": {
        "Centroid": [0.479464828968],
        "Mean": [6.2798576355],
        "Median": [7],
        "derAvAfterMax": [0.000717669026926],
        "maxDerBeforeMax": [10]
    },
    "mainHPCP1": {
        "Centroid": [0.465902507305],
        "Mean": [5.75846719742],
        "Median": [6],
        "derAvAfterMax": [-0.000474458327517],
        "maxDerBeforeMax": [9]
    },
    "pitchSalience": {
        "Centroid": [0.50005877018],
        "Mean": [0.994605302811],
        "Median": [0.994686722755],
        "derAvAfterMax": [0.000427131337347],
        "maxDerBeforeMax": [0.991988182068]
    },
    "spectral_crest": {
        "Centroid": [0.510877490044],
        "Mean": [26.0786247253],
        "Median": [26.8029270172],
        "derAvAfterMax": [-0.000160260475241],
        "maxDerBeforeMax": [20.0525226593]
    },
    "spectral_flatness_db": {
        "Centroid": [0.517296373844],
        "Mean": [0.393802553415],
        "Median": [0.407944530249],
        "derAvAfterMax": [-0.00229896372184],
        "maxDerBeforeMax": [0.246030971408]
    },
    "slice": {
        "time": [0.396054327488, 13.4327430725]
    }
},
"audiopath": "\/Users\/mhermant\/Documents\/Work\/Datasets\/IOWA\/theremin.music.uiowa.edu\/sound files\/MIS\/Piano_Other\/piano\/Piano.ff.Eb7.aiff"
}