{
"metadata": {
    "version": {
        "essentia": "2.1-beta1"
    }
},
"onsets": {
    "barkbands_kurtosis": {
        "Centroid": [0.840102314949],
        "Mean": [1104.1192627],
        "Median": [90.7735061646],
        "derAvAfterMax": [-0.00578985456377],
        "maxDerBeforeMax": [1221.25488281]
    },
    "barkbands_skewness": {
        "Centroid": [0.797936201096],
        "Mean": [19.2954998016],
        "Median": [6.73744297028],
        "derAvAfterMax": [-0.00459612719715],
        "maxDerBeforeMax": [9.98971939087]
    },
    "barkbands_spread": {
        "Centroid": [0.181216716766],
        "Mean": [2.55798721313],
        "Median": [0.750020325184],
        "derAvAfterMax": [-0.000567968876567],
        "maxDerBeforeMax": [10.9555854797]
    },
    "envelope": {
        "Centroid": [0.124993570149],
        "Mean": [0.0058989468962],
        "Median": [0.00115160318092],
        "derAvAfterMax": [-9.43905433815e-06],
        "maxDerBeforeMax": [0.00543385511264]
    },
    "mainHPCP0": {
        "Centroid": [0.521944999695],
        "Mean": [3.41794133186],
        "Median": [3],
        "derAvAfterMax": [0.000617856043391],
        "maxDerBeforeMax": [8]
    },
    "mainHPCP1": {
        "Centroid": [0.520654559135],
        "Mean": [6.26834344864],
        "Median": [7],
        "derAvAfterMax": [0.000353450566763],
        "maxDerBeforeMax": [9]
    },
    "pitchSalience": {
        "Centroid": [0.500158429146],
        "Mean": [0.99431759119],
        "Median": [0.99459207058],
        "derAvAfterMax": [0.000255965482211],
        "maxDerBeforeMax": [0.993278622627]
    },
    "spectral_crest": {
        "Centroid": [0.557393729687],
        "Mean": [22.8818359375],
        "Median": [25.8598976135],
        "derAvAfterMax": [-0.000935690884944],
        "maxDerBeforeMax": [6.54112863541]
    },
    "spectral_flatness_db": {
        "Centroid": [0.527602672577],
        "Mean": [0.46790510416],
        "Median": [0.490154713392],
        "derAvAfterMax": [-0.000755704240873],
        "maxDerBeforeMax": [0.26767590642]
    },
    "slice": {
        "time": [0.581813871861, 45.3717918396]
    }
},
"audiopath": "\/Users\/mhermant\/Documents\/Work\/Datasets\/IOWA\/theremin.music.uiowa.edu\/sound files\/MIS\/Piano_Other\/piano\/Piano.ff.C3.aiff"
}