{
"metadata": {
    "version": {
        "essentia": "2.1-beta1"
    }
},
"onsets": {
    "barkbands_kurtosis": {
        "Centroid": [0.769395530224],
        "Mean": [1868.78076172],
        "Median": [1184.73730469],
        "derAvAfterMax": [-0.00328961014748],
        "maxDerBeforeMax": [857.511230469]
    },
    "barkbands_skewness": {
        "Centroid": [0.737822234631],
        "Mean": [29.3057937622],
        "Median": [26.6191635132],
        "derAvAfterMax": [-0.00262894202024],
        "maxDerBeforeMax": [8.3627281189]
    },
    "barkbands_spread": {
        "Centroid": [0.136889010668],
        "Mean": [2.76185107231],
        "Median": [0.192422926426],
        "derAvAfterMax": [-0.00142990902532],
        "maxDerBeforeMax": [11.4611682892]
    },
    "envelope": {
        "Centroid": [0.143068760633],
        "Mean": [0.00459712417796],
        "Median": [0.00102710432839],
        "derAvAfterMax": [-8.85115514393e-06],
        "maxDerBeforeMax": [0.00584968598559]
    },
    "mainHPCP0": {
        "Centroid": [0.47932523489],
        "Mean": [7.40518951416],
        "Median": [9],
        "derAvAfterMax": [0],
        "maxDerBeforeMax": [9]
    },
    "mainHPCP1": {
        "Centroid": [0.48436191678],
        "Mean": [5.73278427124],
        "Median": [7],
        "derAvAfterMax": [-0.000341491191648],
        "maxDerBeforeMax": [8]
    },
    "pitchSalience": {
        "Centroid": [0.500024855137],
        "Mean": [0.99475300312],
        "Median": [0.994792044163],
        "derAvAfterMax": [2.58805759046e-08],
        "maxDerBeforeMax": [0.993933975697]
    },
    "spectral_crest": {
        "Centroid": [0.574493288994],
        "Mean": [22.3635005951],
        "Median": [26.67719841],
        "derAvAfterMax": [-0.000657011172734],
        "maxDerBeforeMax": [10.44947052]
    },
    "spectral_flatness_db": {
        "Centroid": [0.541717350483],
        "Mean": [0.45253276825],
        "Median": [0.490307569504],
        "derAvAfterMax": [-0.00146946904715],
        "maxDerBeforeMax": [0.311206459999]
    },
    "slice": {
        "time": [0.396054327488, 46.9391365051]
    }
},
"audiopath": "\/Users\/mhermant\/Documents\/Work\/Datasets\/IOWA\/theremin.music.uiowa.edu\/sound files\/MIS\/Piano_Other\/piano\/Piano.ff.Gb2.aiff"
}