{
"metadata": {
    "version": {
        "essentia": "2.1-beta1"
    }
},
"onsets": {
    "barkbands_kurtosis": {
        "Centroid": [0.408881276846],
        "Mean": [1920.09509277],
        "Median": [324.447723389],
        "derAvAfterMax": [-0.0015430849744],
        "maxDerBeforeMax": [1017.96289062]
    },
    "barkbands_skewness": {
        "Centroid": [0.398201137781],
        "Mean": [27.3998832703],
        "Median": [12.6075315475],
        "derAvAfterMax": [-0.00146543292794],
        "maxDerBeforeMax": [9.39216327667]
    },
    "barkbands_spread": {
        "Centroid": [0.720618546009],
        "Mean": [10.6577501297],
        "Median": [0.465468764305],
        "derAvAfterMax": [2.30526638916e-05],
        "maxDerBeforeMax": [18.4889965057]
    },
    "envelope": {
        "Centroid": [0.0694060102105],
        "Mean": [0.00717031955719],
        "Median": [0.00090262357844],
        "derAvAfterMax": [-1.26769773487e-05],
        "maxDerBeforeMax": [0.00331973354332]
    },
    "mainHPCP0": {
        "Centroid": [0.519008100033],
        "Mean": [4.85134649277],
        "Median": [4],
        "derAvAfterMax": [0.000544492853805],
        "maxDerBeforeMax": [10]
    },
    "mainHPCP1": {
        "Centroid": [0.511719346046],
        "Mean": [5.04931783676],
        "Median": [5],
        "derAvAfterMax": [0.000138696253998],
        "maxDerBeforeMax": [10]
    },
    "pitchSalience": {
        "Centroid": [0.500202298164],
        "Mean": [0.994828641415],
        "Median": [0.994851529598],
        "derAvAfterMax": [-3.13747676728e-07],
        "maxDerBeforeMax": [0.991969704628]
    },
    "spectral_crest": {
        "Centroid": [0.392801314592],
        "Mean": [19.3186779022],
        "Median": [26.8365154266],
        "derAvAfterMax": [-0.00130895816255],
        "maxDerBeforeMax": [25.2841243744]
    },
    "spectral_flatness_db": {
        "Centroid": [0.361160844564],
        "Mean": [0.354042649269],
        "Median": [0.492730170488],
        "derAvAfterMax": [-0.000595249701291],
        "maxDerBeforeMax": [0.358668714762]
    },
    "slice": {
        "time": [0.634058952332, 33.8314743042]
    }
},
"audiopath": "\/Users\/mhermant\/Documents\/Work\/Datasets\/IOWA\/theremin.music.uiowa.edu\/sound files\/MIS\/Piano_Other\/piano\/Piano.ff.B5.aiff"
}