{
"metadata": {
    "version": {
        "essentia": "2.1-beta1"
    }
},
"onsets": {
    "barkbands_kurtosis": {
        "Centroid": [0.772890329361],
        "Mean": [1738.79577637],
        "Median": [795.909729004],
        "derAvAfterMax": [-0.00126182439271],
        "maxDerBeforeMax": [908.853027344]
    },
    "barkbands_skewness": {
        "Centroid": [0.730642259121],
        "Mean": [28.5732479095],
        "Median": [21.5035552979],
        "derAvAfterMax": [-0.000988872605376],
        "maxDerBeforeMax": [7.07947158813]
    },
    "barkbands_spread": {
        "Centroid": [0.125373259187],
        "Mean": [2.99923872948],
        "Median": [0.239627078176],
        "derAvAfterMax": [-0.00259246304631],
        "maxDerBeforeMax": [10.3188714981]
    },
    "envelope": {
        "Centroid": [0.149672746658],
        "Mean": [0.00408777035773],
        "Median": [0.00102408591192],
        "derAvAfterMax": [-9.21764785744e-06],
        "maxDerBeforeMax": [0.0192508716136]
    },
    "mainHPCP0": {
        "Centroid": [0.526213943958],
        "Mean": [4.85312509537],
        "Median": [5],
        "derAvAfterMax": [-0.00035861573997],
        "maxDerBeforeMax": [6]
    },
    "mainHPCP1": {
        "Centroid": [0.503941476345],
        "Mean": [5.26380205154],
        "Median": [5],
        "derAvAfterMax": [0.000493291241582],
        "maxDerBeforeMax": [9]
    },
    "pitchSalience": {
        "Centroid": [0.500181496143],
        "Mean": [0.994255006313],
        "Median": [0.994589209557],
        "derAvAfterMax": [0.000279127940303],
        "maxDerBeforeMax": [0.992816269398]
    },
    "spectral_crest": {
        "Centroid": [0.557257354259],
        "Mean": [23.5198612213],
        "Median": [26.7168426514],
        "derAvAfterMax": [-0.000272807345027],
        "maxDerBeforeMax": [6.71436929703]
    },
    "spectral_flatness_db": {
        "Centroid": [0.545040488243],
        "Mean": [0.447435379028],
        "Median": [0.484799265862],
        "derAvAfterMax": [-0.000632809766103],
        "maxDerBeforeMax": [0.272558540106]
    },
    "slice": {
        "time": [0.535373985767, 45.1279792786]
    }
},
"audiopath": "\/Users\/mhermant\/Documents\/Work\/Datasets\/IOWA\/theremin.music.uiowa.edu\/sound files\/MIS\/Piano_Other\/piano\/Piano.ff.D3.aiff"
}