{
"metadata": {
    "version": {
        "essentia": "2.1-beta1"
    }
},
"onsets": {
    "barkbands_kurtosis": {
        "Centroid": [0.72383159399],
        "Mean": [316.801025391],
        "Median": [326.684265137],
        "derAvAfterMax": [-0.00264222035185],
        "maxDerBeforeMax": [228.483032227]
    },
    "barkbands_skewness": {
        "Centroid": [0.727813005447],
        "Mean": [12.4833421707],
        "Median": [15.7084617615],
        "derAvAfterMax": [-0.0020039009396],
        "maxDerBeforeMax": [4.13987541199]
    },
    "barkbands_spread": {
        "Centroid": [0.282771080732],
        "Mean": [3.74902033806],
        "Median": [0.934150338173],
        "derAvAfterMax": [0.285355269909],
        "maxDerBeforeMax": [5.73386859894]
    },
    "envelope": {
        "Centroid": [0.0922136083245],
        "Mean": [0.00536959385499],
        "Median": [0.000408660533139],
        "derAvAfterMax": [-1.22871560961e-05],
        "maxDerBeforeMax": [0.00695272441953]
    },
    "mainHPCP0": {
        "Centroid": [0.497466295958],
        "Mean": [6.00270986557],
        "Median": [7],
        "derAvAfterMax": [-7.77181921876e-05],
        "maxDerBeforeMax": [8]
    },
    "mainHPCP1": {
        "Centroid": [0.48647031188],
        "Mean": [5.49051475525],
        "Median": [7],
        "derAvAfterMax": [-0.000256783358054],
        "maxDerBeforeMax": [10]
    },
    "pitchSalience": {
        "Centroid": [0.500089585781],
        "Mean": [0.994486987591],
        "Median": [0.994614601135],
        "derAvAfterMax": [0.000319717044476],
        "maxDerBeforeMax": [0.99342238903]
    },
    "spectral_crest": {
        "Centroid": [0.522576510906],
        "Mean": [24.7807884216],
        "Median": [26.5578918457],
        "derAvAfterMax": [-0.000126799684949],
        "maxDerBeforeMax": [24.1247310638]
    },
    "spectral_flatness_db": {
        "Centroid": [0.475329935551],
        "Mean": [0.400953561068],
        "Median": [0.381184101105],
        "derAvAfterMax": [-0.000574865087401],
        "maxDerBeforeMax": [0.47207531333]
    },
    "slice": {
        "time": [0.442494213581, 26.1572780609]
    }
},
"audiopath": "\/Users\/mhermant\/Documents\/Work\/Datasets\/IOWA\/theremin.music.uiowa.edu\/sound files\/MIS\/Piano_Other\/piano\/Piano.mf.E5.aiff"
}