{
"metadata": {
    "version": {
        "essentia": "2.1-beta1"
    }
},
"onsets": {
    "barkbands_kurtosis": {
        "Centroid": [0.718480885029],
        "Mean": [2356.59545898],
        "Median": [2088.78344727],
        "derAvAfterMax": [-0.00248553464189],
        "maxDerBeforeMax": [854.951171875]
    },
    "barkbands_skewness": {
        "Centroid": [0.68779951334],
        "Mean": [36.1635513306],
        "Median": [38.5229072571],
        "derAvAfterMax": [-0.00212315935642],
        "maxDerBeforeMax": [6.66721725464]
    },
    "barkbands_spread": {
        "Centroid": [0.124753631651],
        "Mean": [2.22197985649],
        "Median": [0.145430371165],
        "derAvAfterMax": [0.423795193434],
        "maxDerBeforeMax": [13.4180717468]
    },
    "envelope": {
        "Centroid": [0.137566149235],
        "Mean": [0.00437484821305],
        "Median": [0.000956120667979],
        "derAvAfterMax": [-8.95861194294e-06],
        "maxDerBeforeMax": [0.0102128461003]
    },
    "mainHPCP0": {
        "Centroid": [0.522473633289],
        "Mean": [4.64187955856],
        "Median": [4],
        "derAvAfterMax": [0.000444988312665],
        "maxDerBeforeMax": [11]
    },
    "mainHPCP1": {
        "Centroid": [0.465968728065],
        "Mean": [7.03434038162],
        "Median": [6],
        "derAvAfterMax": [-0.00014710209507],
        "maxDerBeforeMax": [7]
    },
    "pitchSalience": {
        "Centroid": [0.50015848875],
        "Mean": [0.994364440441],
        "Median": [0.994652926922],
        "derAvAfterMax": [0.000466447352665],
        "maxDerBeforeMax": [0.99320101738]
    },
    "spectral_crest": {
        "Centroid": [0.531742572784],
        "Mean": [24.9880771637],
        "Median": [26.8855495453],
        "derAvAfterMax": [-0.000424669036875],
        "maxDerBeforeMax": [5.38308811188]
    },
    "spectral_flatness_db": {
        "Centroid": [0.536474049091],
        "Mean": [0.465105503798],
        "Median": [0.502566695213],
        "derAvAfterMax": [-0.00149335898459],
        "maxDerBeforeMax": [0.24968752265]
    },
    "slice": {
        "time": [0.657279014587, 45.6272087097]
    }
},
"audiopath": "\/Users\/mhermant\/Documents\/Work\/Datasets\/IOWA\/theremin.music.uiowa.edu\/sound files\/MIS\/Piano_Other\/piano\/Piano.ff.Db3.aiff"
}