{
"metadata": {
    "version": {
        "essentia": "2.1-beta1"
    }
},
"onsets": {
    "barkbands_kurtosis": {
        "Centroid": [0.733538985252],
        "Mean": [2419.09130859],
        "Median": [2362.20483398],
        "derAvAfterMax": [-0.00637642946094],
        "maxDerBeforeMax": [1029.36340332]
    },
    "barkbands_skewness": {
        "Centroid": [0.711480736732],
        "Mean": [35.5516014099],
        "Median": [43.246711731],
        "derAvAfterMax": [-0.00502718379721],
        "maxDerBeforeMax": [11.2160377502]
    },
    "barkbands_spread": {
        "Centroid": [0.18144312501],
        "Mean": [2.61470532417],
        "Median": [0.137789160013],
        "derAvAfterMax": [-0.00253205443732],
        "maxDerBeforeMax": [1.75393486023]
    },
    "envelope": {
        "Centroid": [0.0870939940214],
        "Mean": [0.0117766354233],
        "Median": [0.000936111435294],
        "derAvAfterMax": [-1.25334518088e-05],
        "maxDerBeforeMax": [0.00109745911323]
    },
    "mainHPCP0": {
        "Centroid": [0.477675199509],
        "Mean": [5.82492685318],
        "Median": [7],
        "derAvAfterMax": [0.000564723624848],
        "maxDerBeforeMax": [11]
    },
    "mainHPCP1": {
        "Centroid": [0.486710101366],
        "Mean": [5.64035081863],
        "Median": [7],
        "derAvAfterMax": [0.000259740249021],
        "maxDerBeforeMax": [7]
    },
    "pitchSalience": {
        "Centroid": [0.500126123428],
        "Mean": [0.99445515871],
        "Median": [0.994652867317],
        "derAvAfterMax": [2.01597089244e-07],
        "maxDerBeforeMax": [0.993173480034]
    },
    "spectral_crest": {
        "Centroid": [0.521087408066],
        "Mean": [25.3919849396],
        "Median": [26.939956665],
        "derAvAfterMax": [-0.000882767140865],
        "maxDerBeforeMax": [22.8273830414]
    },
    "spectral_flatness_db": {
        "Centroid": [0.494765758514],
        "Mean": [0.524736523628],
        "Median": [0.519538402557],
        "derAvAfterMax": [-0.000299692997942],
        "maxDerBeforeMax": [0.347421467304]
    },
    "slice": {
        "time": [0.622448921204, 32.391834259]
    }
},
"audiopath": "\/Users\/mhermant\/Documents\/Work\/Datasets\/IOWA\/theremin.music.uiowa.edu\/sound files\/MIS\/Piano_Other\/piano\/Piano.ff.E5.aiff"
}