{
"metadata": {
    "version": {
        "essentia": "2.1-beta1"
    }
},
"onsets": {
    "barkbands_kurtosis": {
        "Centroid": [0.710559666157],
        "Mean": [2340.40405273],
        "Median": [2621.83203125],
        "derAvAfterMax": [-0.00361321214586],
        "maxDerBeforeMax": [1102.92285156]
    },
    "barkbands_skewness": {
        "Centroid": [0.675668358803],
        "Mean": [36.8879165649],
        "Median": [45.4665870667],
        "derAvAfterMax": [-0.00265559158288],
        "maxDerBeforeMax": [11.5489997864]
    },
    "barkbands_spread": {
        "Centroid": [0.125012636185],
        "Mean": [2.19564604759],
        "Median": [0.130717933178],
        "derAvAfterMax": [-0.00550897559151],
        "maxDerBeforeMax": [8.3406419754]
    },
    "envelope": {
        "Centroid": [0.111131332815],
        "Mean": [0.00631972169504],
        "Median": [0.000937210512348],
        "derAvAfterMax": [-1.13585092549e-05],
        "maxDerBeforeMax": [0.00318850763142]
    },
    "mainHPCP0": {
        "Centroid": [0.509229421616],
        "Mean": [5.10789203644],
        "Median": [5],
        "derAvAfterMax": [0.000309821334668],
        "maxDerBeforeMax": [7]
    },
    "mainHPCP1": {
        "Centroid": [0.509048461914],
        "Mean": [4.93406581879],
        "Median": [5],
        "derAvAfterMax": [0.000453926477348],
        "maxDerBeforeMax": [11]
    },
    "pitchSalience": {
        "Centroid": [0.500248908997],
        "Mean": [0.994164049625],
        "Median": [0.994645774364],
        "derAvAfterMax": [3.9521367512e-08],
        "maxDerBeforeMax": [0.992055237293]
    },
    "spectral_crest": {
        "Centroid": [0.53154695034],
        "Mean": [25.0594711304],
        "Median": [26.929769516],
        "derAvAfterMax": [-0.000197735615075],
        "maxDerBeforeMax": [9.14052867889]
    },
    "spectral_flatness_db": {
        "Centroid": [0.527309834957],
        "Mean": [0.476158201694],
        "Median": [0.503222644329],
        "derAvAfterMax": [-0.00638402253389],
        "maxDerBeforeMax": [0.274686038494]
    },
    "slice": {
        "time": [0.721134185791, 35.5961914062]
    }
},
"audiopath": "\/Users\/mhermant\/Documents\/Work\/Datasets\/IOWA\/theremin.music.uiowa.edu\/sound files\/MIS\/Piano_Other\/piano\/Piano.ff.D4.aiff"
}