{
"metadata": {
    "version": {
        "essentia": "2.1-beta1"
    }
},
"onsets": {
    "barkbands_kurtosis": {
        "Centroid": [0.79403591156],
        "Mean": [1650.02233887],
        "Median": [598.053955078],
        "derAvAfterMax": [-0.00177098892163],
        "maxDerBeforeMax": [841.931152344]
    },
    "barkbands_skewness": {
        "Centroid": [0.758418798447],
        "Mean": [26.4101200104],
        "Median": [17.3777770996],
        "derAvAfterMax": [-0.00144166673999],
        "maxDerBeforeMax": [6.74305343628]
    },
    "barkbands_spread": {
        "Centroid": [0.164839938283],
        "Mean": [2.48600697517],
        "Median": [0.271288365126],
        "derAvAfterMax": [-0.00164768553805],
        "maxDerBeforeMax": [9.89993190765]
    },
    "envelope": {
        "Centroid": [0.111813507974],
        "Mean": [0.00652951095253],
        "Median": [0.00104790669866],
        "derAvAfterMax": [-1.06417792267e-05],
        "maxDerBeforeMax": [0.0137135898694]
    },
    "mainHPCP0": {
        "Centroid": [0.470329135656],
        "Mean": [7.40362882614],
        "Median": [8],
        "derAvAfterMax": [-0.000167504185811],
        "maxDerBeforeMax": [8]
    },
    "mainHPCP1": {
        "Centroid": [0.609392642975],
        "Mean": [3.34341311455],
        "Median": [3],
        "derAvAfterMax": [-0.000229805809795],
        "maxDerBeforeMax": [8]
    },
    "pitchSalience": {
        "Centroid": [0.50023907423],
        "Mean": [0.994130015373],
        "Median": [0.99458771944],
        "derAvAfterMax": [0.000457136280602],
        "maxDerBeforeMax": [0.992039680481]
    },
    "spectral_crest": {
        "Centroid": [0.561696231365],
        "Mean": [22.9286956787],
        "Median": [26.5021362305],
        "derAvAfterMax": [-7.2057453508e-05],
        "maxDerBeforeMax": [7.05101680756]
    },
    "spectral_flatness_db": {
        "Centroid": [0.524101316929],
        "Mean": [0.478339463472],
        "Median": [0.497773587704],
        "derAvAfterMax": [-0.000842137029395],
        "maxDerBeforeMax": [0.289148390293]
    },
    "slice": {
        "time": [0.930114746094, 45.0931510925]
    }
},
"audiopath": "\/Users\/mhermant\/Documents\/Work\/Datasets\/IOWA\/theremin.music.uiowa.edu\/sound files\/MIS\/Piano_Other\/piano\/Piano.ff.F3.aiff"
}