{
"metadata": {
    "version": {
        "essentia": "2.1-beta1"
    }
},
"onsets": {
    "barkbands_kurtosis": {
        "Centroid": [0.661563873291],
        "Mean": [497.169891357],
        "Median": [662.588256836],
        "derAvAfterMax": [-0.00446317857131],
        "maxDerBeforeMax": [245.728515625]
    },
    "barkbands_skewness": {
        "Centroid": [0.656127274036],
        "Mean": [17.5679302216],
        "Median": [23.9372806549],
        "derAvAfterMax": [-0.00318666780367],
        "maxDerBeforeMax": [4.50352478027]
    },
    "barkbands_spread": {
        "Centroid": [0.186707437038],
        "Mean": [5.0770483017],
        "Median": [0.652808725834],
        "derAvAfterMax": [-0.00742366164923],
        "maxDerBeforeMax": [8.36472892761]
    },
    "envelope": {
        "Centroid": [0.124823503196],
        "Mean": [0.00678560324013],
        "Median": [0.000802105292678],
        "derAvAfterMax": [-1.36344506245e-05],
        "maxDerBeforeMax": [0.0203749872744]
    },
    "mainHPCP0": {
        "Centroid": [0.459409117699],
        "Mean": [6.69468688965],
        "Median": [7],
        "derAvAfterMax": [0],
        "maxDerBeforeMax": [10]
    },
    "mainHPCP1": {
        "Centroid": [0.465118080378],
        "Mean": [5.99920701981],
        "Median": [6],
        "derAvAfterMax": [0.000509813893586],
        "maxDerBeforeMax": [11]
    },
    "pitchSalience": {
        "Centroid": [0.500059366226],
        "Mean": [0.994578659534],
        "Median": [0.994652450085],
        "derAvAfterMax": [0.000254003069131],
        "maxDerBeforeMax": [0.992800951004]
    },
    "spectral_crest": {
        "Centroid": [0.514487266541],
        "Mean": [25.7456016541],
        "Median": [26.7299823761],
        "derAvAfterMax": [-0.000159502349561],
        "maxDerBeforeMax": [23.7787532806]
    },
    "spectral_flatness_db": {
        "Centroid": [0.497817128897],
        "Mean": [0.393896311522],
        "Median": [0.392561882734],
        "derAvAfterMax": [-0.000643406703603],
        "maxDerBeforeMax": [0.348982751369]
    },
    "slice": {
        "time": [0.419274270535, 15.0697498322]
    }
},
"audiopath": "\/Users\/mhermant\/Documents\/Work\/Datasets\/IOWA\/theremin.music.uiowa.edu\/sound files\/MIS\/Piano_Other\/piano\/Piano.ff.G6.aiff"
}