{
"metadata": {
    "version": {
        "essentia": "2.1-beta1"
    }
},
"onsets": {
    "barkbands_kurtosis": {
        "Centroid": [0.783360004425],
        "Mean": [1664.74572754],
        "Median": [415.617004395],
        "derAvAfterMax": [-0.00690959068015],
        "maxDerBeforeMax": [981.252929688]
    },
    "barkbands_skewness": {
        "Centroid": [0.754907250404],
        "Mean": [26.5143814087],
        "Median": [14.8423614502],
        "derAvAfterMax": [-0.00560820009559],
        "maxDerBeforeMax": [9.00305366516]
    },
    "barkbands_spread": {
        "Centroid": [0.170570060611],
        "Mean": [2.67441320419],
        "Median": [0.333866596222],
        "derAvAfterMax": [-0.000837210100144],
        "maxDerBeforeMax": [10.1027803421]
    },
    "envelope": {
        "Centroid": [0.133629217744],
        "Mean": [0.00502314325422],
        "Median": [0.00102719163988],
        "derAvAfterMax": [-8.5442316049e-06],
        "maxDerBeforeMax": [0.0133388228714]
    },
    "mainHPCP0": {
        "Centroid": [0.507363796234],
        "Mean": [3.59115767479],
        "Median": [2],
        "derAvAfterMax": [-0.000305997557007],
        "maxDerBeforeMax": [9]
    },
    "mainHPCP1": {
        "Centroid": [0.658506989479],
        "Mean": [3.06084775925],
        "Median": [2],
        "derAvAfterMax": [9.93443245534e-05],
        "maxDerBeforeMax": [9]
    },
    "pitchSalience": {
        "Centroid": [0.500142276287],
        "Mean": [0.994379997253],
        "Median": [0.99461710453],
        "derAvAfterMax": [-3.99118036398e-08],
        "maxDerBeforeMax": [0.992436587811]
    },
    "spectral_crest": {
        "Centroid": [0.569435298443],
        "Mean": [22.3816757202],
        "Median": [26.589466095],
        "derAvAfterMax": [-0.001625427627],
        "maxDerBeforeMax": [10.6494321823]
    },
    "spectral_flatness_db": {
        "Centroid": [0.531859219074],
        "Mean": [0.46617269516],
        "Median": [0.493090212345],
        "derAvAfterMax": [-0.0104833608493],
        "maxDerBeforeMax": [0.277845352888]
    },
    "slice": {
        "time": [0.651473999023, 51.6063499451]
    }
},
"audiopath": "\/Users\/mhermant\/Documents\/Work\/Datasets\/IOWA\/theremin.music.uiowa.edu\/sound files\/MIS\/Piano_Other\/piano\/Piano.ff.B2.aiff"
}