{
"metadata": {
    "version": {
        "essentia": "2.1-beta1"
    }
},
"onsets": {
    "barkbands_kurtosis": {
        "Centroid": [0.80676060915],
        "Mean": [1526.37365723],
        "Median": [512.673339844],
        "derAvAfterMax": [-0.0136827519163],
        "maxDerBeforeMax": [1019.13574219]
    },
    "barkbands_skewness": {
        "Centroid": [0.763363242149],
        "Mean": [25.0786514282],
        "Median": [16.1215076447],
        "derAvAfterMax": [-0.0109135238454],
        "maxDerBeforeMax": [7.72662734985]
    },
    "barkbands_spread": {
        "Centroid": [0.138378143311],
        "Mean": [3.14732265472],
        "Median": [0.297702312469],
        "derAvAfterMax": [-0.000326327921357],
        "maxDerBeforeMax": [13.8582420349]
    },
    "envelope": {
        "Centroid": [0.136624038219],
        "Mean": [0.00474309641868],
        "Median": [0.00105175049976],
        "derAvAfterMax": [-9.47996704781e-06],
        "maxDerBeforeMax": [0.0133595103398]
    },
    "mainHPCP0": {
        "Centroid": [0.510548830032],
        "Mean": [6.71112251282],
        "Median": [5],
        "derAvAfterMax": [0],
        "maxDerBeforeMax": [10]
    },
    "mainHPCP1": {
        "Centroid": [0.464881211519],
        "Mean": [6.89582300186],
        "Median": [8],
        "derAvAfterMax": [0.000731395150069],
        "maxDerBeforeMax": [10]
    },
    "pitchSalience": {
        "Centroid": [0.500048756599],
        "Mean": [0.994666278362],
        "Median": [0.994739115238],
        "derAvAfterMax": [1.59066203764e-07],
        "maxDerBeforeMax": [0.992765843868]
    },
    "spectral_crest": {
        "Centroid": [0.568086624146],
        "Mean": [22.7900257111],
        "Median": [26.4934558868],
        "derAvAfterMax": [-0.000179673515959],
        "maxDerBeforeMax": [7.65049791336]
    },
    "spectral_flatness_db": {
        "Centroid": [0.550497531891],
        "Mean": [0.439587175846],
        "Median": [0.479433000088],
        "derAvAfterMax": [-0.00209191348404],
        "maxDerBeforeMax": [0.252516835928]
    },
    "slice": {
        "time": [0.448299199343, 46.590839386]
    }
},
"audiopath": "\/Users\/mhermant\/Documents\/Work\/Datasets\/IOWA\/theremin.music.uiowa.edu\/sound files\/MIS\/Piano_Other\/piano\/Piano.ff.G2.aiff"
}