{
"metadata": {
    "version": {
        "essentia": "2.1-beta1"
    }
},
"onsets": {
    "barkbands_kurtosis": {
        "Centroid": [0.674575328827],
        "Mean": [3045.64282227],
        "Median": [4226.88525391],
        "derAvAfterMax": [-0.00386671093293],
        "maxDerBeforeMax": [1011.2265625]
    },
    "barkbands_skewness": {
        "Centroid": [0.654988229275],
        "Mean": [43.695640564],
        "Median": [59.9974822998],
        "derAvAfterMax": [-0.00288204662502],
        "maxDerBeforeMax": [7.40217590332]
    },
    "barkbands_spread": {
        "Centroid": [0.127530395985],
        "Mean": [1.88053560257],
        "Median": [0.10156327486],
        "derAvAfterMax": [-0.0112090595067],
        "maxDerBeforeMax": [3.0426363945]
    },
    "envelope": {
        "Centroid": [0.126014783978],
        "Mean": [0.00675775669515],
        "Median": [0.000914611271583],
        "derAvAfterMax": [-1.16523015095e-05],
        "maxDerBeforeMax": [0.00787928327918]
    },
    "mainHPCP0": {
        "Centroid": [0.580251932144],
        "Mean": [4.06121397018],
        "Median": [4],
        "derAvAfterMax": [0.000126855258713],
        "maxDerBeforeMax": [11]
    },
    "mainHPCP1": {
        "Centroid": [0.511828303337],
        "Mean": [4.64094638824],
        "Median": [5],
        "derAvAfterMax": [0.00033296336187],
        "maxDerBeforeMax": [6]
    },
    "pitchSalience": {
        "Centroid": [0.500099003315],
        "Mean": [0.994526386261],
        "Median": [0.994677662849],
        "derAvAfterMax": [0.00015877156693],
        "maxDerBeforeMax": [0.993045389652]
    },
    "spectral_crest": {
        "Centroid": [0.513666450977],
        "Mean": [26.0818328857],
        "Median": [26.954826355],
        "derAvAfterMax": [-2.24728100875e-05],
        "maxDerBeforeMax": [17.6160430908]
    },
    "spectral_flatness_db": {
        "Centroid": [0.499637395144],
        "Mean": [0.521558046341],
        "Median": [0.520974159241],
        "derAvAfterMax": [-0.000430639978731],
        "maxDerBeforeMax": [0.293225735426]
    },
    "slice": {
        "time": [0.390249341726, 22.9645347595]
    }
},
"audiopath": "\/Users\/mhermant\/Documents\/Work\/Datasets\/IOWA\/theremin.music.uiowa.edu\/sound files\/MIS\/Piano_Other\/piano\/Piano.ff.A5.aiff"
}