{
"metadata": {
    "version": {
        "essentia": "2.1-beta1"
    }
},
"onsets": {
    "barkbands_kurtosis": {
        "Centroid": [0.6282325387],
        "Mean": [3478.62426758],
        "Median": [4508.828125],
        "derAvAfterMax": [-0.0055597582832],
        "maxDerBeforeMax": [905.734863281]
    },
    "barkbands_skewness": {
        "Centroid": [0.612879931927],
        "Mean": [49.2066574097],
        "Median": [62.4386329651],
        "derAvAfterMax": [-0.0045307870023],
        "maxDerBeforeMax": [8.10639572144]
    },
    "barkbands_spread": {
        "Centroid": [0.0972893834114],
        "Mean": [2.14022183418],
        "Median": [0.0979635640979],
        "derAvAfterMax": [-0.00514641031623],
        "maxDerBeforeMax": [2.24819588661]
    },
    "envelope": {
        "Centroid": [0.159636542201],
        "Mean": [0.00372757972218],
        "Median": [0.000911292503588],
        "derAvAfterMax": [-1.05413628262e-05],
        "maxDerBeforeMax": [0.00113151257392]
    },
    "mainHPCP0": {
        "Centroid": [0.443300247192],
        "Mean": [6.3117146492],
        "Median": [7],
        "derAvAfterMax": [-0.000128567757201],
        "maxDerBeforeMax": [6]
    },
    "mainHPCP1": {
        "Centroid": [0.481274724007],
        "Mean": [5.67815160751],
        "Median": [6],
        "derAvAfterMax": [0.00111731840298],
        "maxDerBeforeMax": [10]
    },
    "pitchSalience": {
        "Centroid": [0.50009226799],
        "Mean": [0.994545400143],
        "Median": [0.994692146778],
        "derAvAfterMax": [0.000214874351514],
        "maxDerBeforeMax": [0.992921829224]
    },
    "spectral_crest": {
        "Centroid": [0.517043173313],
        "Mean": [25.9578208923],
        "Median": [26.9591007233],
        "derAvAfterMax": [-0.000163460426847],
        "maxDerBeforeMax": [12.7229881287]
    },
    "spectral_flatness_db": {
        "Centroid": [0.50978821516],
        "Mean": [0.509805798531],
        "Median": [0.520490169525],
        "derAvAfterMax": [-0.000244805647526],
        "maxDerBeforeMax": [0.277312755585]
    },
    "slice": {
        "time": [0.471519142389, 29.1178226471]
    }
},
"audiopath": "\/Users\/mhermant\/Documents\/Work\/Datasets\/IOWA\/theremin.music.uiowa.edu\/sound files\/MIS\/Piano_Other\/piano\/Piano.ff.G5.aiff"
}