{
"metadata": {
    "version": {
        "essentia": "2.1-beta1"
    }
},
"onsets": {
    "barkbands_kurtosis": {
        "Centroid": [0.726967453957],
        "Mean": [2422.45678711],
        "Median": [2526.60375977],
        "derAvAfterMax": [-0.00140835519414],
        "maxDerBeforeMax": [1059.87817383]
    },
    "barkbands_skewness": {
        "Centroid": [0.709320247173],
        "Mean": [35.6599502563],
        "Median": [44.5439071655],
        "derAvAfterMax": [-0.001414838247],
        "maxDerBeforeMax": [10.1295928955]
    },
    "barkbands_spread": {
        "Centroid": [0.197064459324],
        "Mean": [1.7517875433],
        "Median": [0.135170951486],
        "derAvAfterMax": [-0.000845290662255],
        "maxDerBeforeMax": [2.70615172386]
    },
    "envelope": {
        "Centroid": [0.114352457225],
        "Mean": [0.00715618627146],
        "Median": [0.000930439564399],
        "derAvAfterMax": [-1.02850672192e-05],
        "maxDerBeforeMax": [0.00106531567872]
    },
    "mainHPCP0": {
        "Centroid": [0.505948245525],
        "Mean": [5.11826705933],
        "Median": [4],
        "derAvAfterMax": [-0.000393391033867],
        "maxDerBeforeMax": [9]
    },
    "mainHPCP1": {
        "Centroid": [0.492761433125],
        "Mean": [5.30601072311],
        "Median": [4],
        "derAvAfterMax": [-0.000155872490723],
        "maxDerBeforeMax": [6]
    },
    "pitchSalience": {
        "Centroid": [0.50014346838],
        "Mean": [0.99440908432],
        "Median": [0.994656085968],
        "derAvAfterMax": [1.18298760299e-06],
        "maxDerBeforeMax": [0.992883503437]
    },
    "spectral_crest": {
        "Centroid": [0.516188621521],
        "Mean": [25.6843318939],
        "Median": [26.938079834],
        "derAvAfterMax": [-8.03189977887e-05],
        "maxDerBeforeMax": [20.7999649048]
    },
    "spectral_flatness_db": {
        "Centroid": [0.490780383348],
        "Mean": [0.531633794308],
        "Median": [0.521863698959],
        "derAvAfterMax": [-0.000376579264412],
        "maxDerBeforeMax": [0.310708254576]
    },
    "slice": {
        "time": [0.668889045715, 30.4181404114]
    }
},
"audiopath": "\/Users\/mhermant\/Documents\/Work\/Datasets\/IOWA\/theremin.music.uiowa.edu\/sound files\/MIS\/Piano_Other\/piano\/Piano.ff.Db5.aiff"
}