{
"metadata": {
    "version": {
        "essentia": "2.1-beta1"
    }
},
"onsets": {
    "barkbands_kurtosis": {
        "Centroid": [0.640135288239],
        "Mean": [395.01675415],
        "Median": [510.86340332],
        "derAvAfterMax": [-0.00168456020765],
        "maxDerBeforeMax": [195.521118164]
    },
    "barkbands_skewness": {
        "Centroid": [0.71303331852],
        "Mean": [13.8780269623],
        "Median": [20.9328174591],
        "derAvAfterMax": [-0.00257230829448],
        "maxDerBeforeMax": [4.20873975754]
    },
    "barkbands_spread": {
        "Centroid": [0.268268406391],
        "Mean": [4.13086652756],
        "Median": [0.830875217915],
        "derAvAfterMax": [-0.00246664904989],
        "maxDerBeforeMax": [10.218044281]
    },
    "envelope": {
        "Centroid": [0.102710261941],
        "Mean": [0.0135707296431],
        "Median": [0.000849456235301],
        "derAvAfterMax": [-1.36527796712e-05],
        "maxDerBeforeMax": [0.000655799813103]
    },
    "mainHPCP0": {
        "Centroid": [0.484589993954],
        "Mean": [5.67126131058],
        "Median": [6],
        "derAvAfterMax": [-0.0002467003942],
        "maxDerBeforeMax": [9]
    },
    "mainHPCP1": {
        "Centroid": [0.479057222605],
        "Mean": [5.57615423203],
        "Median": [6],
        "derAvAfterMax": [-0.000403063284466],
        "maxDerBeforeMax": [10]
    },
    "pitchSalience": {
        "Centroid": [0.500086784363],
        "Mean": [0.994504213333],
        "Median": [0.994632780552],
        "derAvAfterMax": [-3.93849603597e-07],
        "maxDerBeforeMax": [0.993650496006]
    },
    "spectral_crest": {
        "Centroid": [0.513651371002],
        "Mean": [25.5683345795],
        "Median": [26.6492290497],
        "derAvAfterMax": [-0.000280210952042],
        "maxDerBeforeMax": [16.7322845459]
    },
    "spectral_flatness_db": {
        "Centroid": [0.474936038256],
        "Mean": [0.398850440979],
        "Median": [0.378693014383],
        "derAvAfterMax": [-0.000876569247339],
        "maxDerBeforeMax": [0.410325229168]
    },
    "slice": {
        "time": [0.40185931325, 17.2524261475]
    }
},
"audiopath": "\/Users\/mhermant\/Documents\/Work\/Datasets\/IOWA\/theremin.music.uiowa.edu\/sound files\/MIS\/Piano_Other\/piano\/Piano.ff.Eb6.aiff"
}