{
"metadata": {
    "version": {
        "essentia": "2.1-beta1"
    }
},
"onsets": {
    "barkbands_kurtosis": {
        "Centroid": [0.623973071575],
        "Mean": [432.207580566],
        "Median": [535.206665039],
        "derAvAfterMax": [-0.00249122804962],
        "maxDerBeforeMax": [408.92767334]
    },
    "barkbands_skewness": {
        "Centroid": [0.724570333958],
        "Mean": [14.1657390594],
        "Median": [21.0317802429],
        "derAvAfterMax": [-0.0115384627134],
        "maxDerBeforeMax": [7.34988594055]
    },
    "barkbands_spread": {
        "Centroid": [0.248650446534],
        "Mean": [4.28150749207],
        "Median": [0.789189994335],
        "derAvAfterMax": [2.80974800262e-05],
        "maxDerBeforeMax": [7.84375286102]
    },
    "envelope": {
        "Centroid": [0.0897739604115],
        "Mean": [0.0188039783388],
        "Median": [0.000718180148397],
        "derAvAfterMax": [-1.41420205182e-05],
        "maxDerBeforeMax": [0.000456228852272]
    },
    "mainHPCP0": {
        "Centroid": [0.474231481552],
        "Mean": [5.98351669312],
        "Median": [7],
        "derAvAfterMax": [0.000102207683085],
        "maxDerBeforeMax": [10]
    },
    "mainHPCP1": {
        "Centroid": [0.47321498394],
        "Mean": [5.7264957428],
        "Median": [7],
        "derAvAfterMax": [-0.000643017876428],
        "maxDerBeforeMax": [9]
    },
    "pitchSalience": {
        "Centroid": [0.500071525574],
        "Mean": [0.994550585747],
        "Median": [0.994643032551],
        "derAvAfterMax": [-2.56892906947e-08],
        "maxDerBeforeMax": [0.993274927139]
    },
    "spectral_crest": {
        "Centroid": [0.510699868202],
        "Mean": [25.8204059601],
        "Median": [26.680147171],
        "derAvAfterMax": [-0.000262692163233],
        "maxDerBeforeMax": [25.081993103]
    },
    "spectral_flatness_db": {
        "Centroid": [0.473564445972],
        "Mean": [0.403973519802],
        "Median": [0.38165128231],
        "derAvAfterMax": [-0.000943862309214],
        "maxDerBeforeMax": [0.411394685507]
    },
    "slice": {
        "time": [0.494739085436, 19.5163707733]
    }
},
"audiopath": "\/Users\/mhermant\/Documents\/Work\/Datasets\/IOWA\/theremin.music.uiowa.edu\/sound files\/MIS\/Piano_Other\/piano\/Piano.ff.E6.aiff"
}