{
"metadata": {
    "version": {
        "essentia": "2.1-beta1"
    }
},
"onsets": {
    "barkbands_kurtosis": {
        "Centroid": [0.652404844761],
        "Mean": [228.195358276],
        "Median": [278.470306396],
        "derAvAfterMax": [-0.00155709928367],
        "maxDerBeforeMax": [148.97265625]
    },
    "barkbands_skewness": {
        "Centroid": [0.655548989773],
        "Mean": [11.7592906952],
        "Median": [15.6208286285],
        "derAvAfterMax": [-0.00177621236071],
        "maxDerBeforeMax": [3.93335342407]
    },
    "barkbands_spread": {
        "Centroid": [0.292633831501],
        "Mean": [4.09788608551],
        "Median": [1.49812245369],
        "derAvAfterMax": [0.368632495403],
        "maxDerBeforeMax": [11.0207443237]
    },
    "envelope": {
        "Centroid": [0.0888582020998],
        "Mean": [0.00588595541194],
        "Median": [0.000332094408805],
        "derAvAfterMax": [-1.25780115923e-05],
        "maxDerBeforeMax": [0.00846626237035]
    },
    "mainHPCP0": {
        "Centroid": [0.515780329704],
        "Mean": [5.14307451248],
        "Median": [5],
        "derAvAfterMax": [-0.00029609160265],
        "maxDerBeforeMax": [8]
    },
    "mainHPCP1": {
        "Centroid": [0.509745597839],
        "Mean": [4.83510923386],
        "Median": [4],
        "derAvAfterMax": [0.000421008327976],
        "maxDerBeforeMax": [8]
    },
    "pitchSalience": {
        "Centroid": [0.50008893013],
        "Mean": [0.994492053986],
        "Median": [0.994634211063],
        "derAvAfterMax": [9.67714950093e-05],
        "maxDerBeforeMax": [0.992643594742]
    },
    "spectral_crest": {
        "Centroid": [0.514170527458],
        "Mean": [25.3319778442],
        "Median": [26.3771266937],
        "derAvAfterMax": [-0.000293279648758],
        "maxDerBeforeMax": [21.9109172821]
    },
    "spectral_flatness_db": {
        "Centroid": [0.475729286671],
        "Mean": [0.355544269085],
        "Median": [0.338000983],
        "derAvAfterMax": [-0.00077950488776],
        "maxDerBeforeMax": [0.338946670294]
    },
    "slice": {
        "time": [0.477324128151, 23.3708839417]
    }
},
"audiopath": "\/Users\/mhermant\/Documents\/Work\/Datasets\/IOWA\/theremin.music.uiowa.edu\/sound files\/MIS\/Piano_Other\/piano\/Piano.ff.C6.aiff"
}