{
"metadata": {
    "version": {
        "essentia": "2.1-beta1"
    }
},
"onsets": {
    "barkbands_kurtosis": {
        "Centroid": [0.761839449406],
        "Mean": [1932.0189209],
        "Median": [1332.23706055],
        "derAvAfterMax": [-0.00105631398037],
        "maxDerBeforeMax": [664.954101562]
    },
    "barkbands_skewness": {
        "Centroid": [0.729020595551],
        "Mean": [30.2880249023],
        "Median": [29.1644210815],
        "derAvAfterMax": [-0.000897272781003],
        "maxDerBeforeMax": [6.82646560669]
    },
    "barkbands_spread": {
        "Centroid": [0.138525143266],
        "Mean": [2.35521697998],
        "Median": [0.181352168322],
        "derAvAfterMax": [-0.00145238102414],
        "maxDerBeforeMax": [11.7688302994]
    },
    "envelope": {
        "Centroid": [0.135740086436],
        "Mean": [0.00465848343447],
        "Median": [0.000993176479824],
        "derAvAfterMax": [-9.27900237002e-06],
        "maxDerBeforeMax": [0.00659830821678]
    },
    "mainHPCP0": {
        "Centroid": [0.45269626379],
        "Mean": [7.87367677689],
        "Median": [9],
        "derAvAfterMax": [-9.21574028325e-05],
        "maxDerBeforeMax": [9]
    },
    "mainHPCP1": {
        "Centroid": [0.535346627235],
        "Mean": [4.41000986099],
        "Median": [4],
        "derAvAfterMax": [0.000322441948811],
        "maxDerBeforeMax": [8]
    },
    "pitchSalience": {
        "Centroid": [0.500241875648],
        "Mean": [0.99417001009],
        "Median": [0.994637966156],
        "derAvAfterMax": [0.000108208761958],
        "maxDerBeforeMax": [0.993105351925]
    },
    "spectral_crest": {
        "Centroid": [0.555250763893],
        "Mean": [23.469367981],
        "Median": [26.8142662048],
        "derAvAfterMax": [-0.000219663459575],
        "maxDerBeforeMax": [4.49611997604]
    },
    "spectral_flatness_db": {
        "Centroid": [0.523784101009],
        "Mean": [0.479722470045],
        "Median": [0.499850153923],
        "derAvAfterMax": [-0.00138556095771],
        "maxDerBeforeMax": [0.274538725615]
    },
    "slice": {
        "time": [0.378639370203, 48.6341934204]
    }
},
"audiopath": "\/Users\/mhermant\/Documents\/Work\/Datasets\/IOWA\/theremin.music.uiowa.edu\/sound files\/MIS\/Piano_Other\/piano\/Piano.ff.Gb3.aiff"
}