{
"metadata": {
    "version": {
        "essentia": "2.1-beta1"
    }
},
"onsets": {
    "barkbands_kurtosis": {
        "Centroid": [0.747583091259],
        "Mean": [2103.51098633],
        "Median": [1420.75048828],
        "derAvAfterMax": [-0.0106911947951],
        "maxDerBeforeMax": [1026.921875]
    },
    "barkbands_skewness": {
        "Centroid": [0.712746620178],
        "Mean": [32.9330215454],
        "Median": [31.2308616638],
        "derAvAfterMax": [-0.00831394456327],
        "maxDerBeforeMax": [7.59205245972]
    },
    "barkbands_spread": {
        "Centroid": [0.151604682207],
        "Mean": [1.73508870602],
        "Median": [0.181575745344],
        "derAvAfterMax": [0.44286864996],
        "maxDerBeforeMax": [7.57999372482]
    },
    "envelope": {
        "Centroid": [0.114438340068],
        "Mean": [0.00596526032314],
        "Median": [0.000947029853705],
        "derAvAfterMax": [-1.09530528789e-05],
        "maxDerBeforeMax": [0.00433232961223]
    },
    "mainHPCP0": {
        "Centroid": [0.434999883175],
        "Mean": [8.18800735474],
        "Median": [10],
        "derAvAfterMax": [0.000266992137767],
        "maxDerBeforeMax": [11]
    },
    "mainHPCP1": {
        "Centroid": [0.514790892601],
        "Mean": [4.89725160599],
        "Median": [5],
        "derAvAfterMax": [0.000757805421017],
        "maxDerBeforeMax": [11]
    },
    "pitchSalience": {
        "Centroid": [0.500180542469],
        "Mean": [0.994347453117],
        "Median": [0.994680702686],
        "derAvAfterMax": [3.78831430226e-07],
        "maxDerBeforeMax": [0.992330908775]
    },
    "spectral_crest": {
        "Centroid": [0.550702214241],
        "Mean": [23.8939781189],
        "Median": [26.8894824982],
        "derAvAfterMax": [-0.000178397720447],
        "maxDerBeforeMax": [11.8774604797]
    },
    "spectral_flatness_db": {
        "Centroid": [0.51405864954],
        "Mean": [0.493273347616],
        "Median": [0.503973007202],
        "derAvAfterMax": [-0.00490872282535],
        "maxDerBeforeMax": [0.251375079155]
    },
    "slice": {
        "time": [0.692109107971, 37.8717460632]
    }
},
"audiopath": "\/Users\/mhermant\/Documents\/Work\/Datasets\/IOWA\/theremin.music.uiowa.edu\/sound files\/MIS\/Piano_Other\/piano\/Piano.ff.G4.aiff"
}