{
"metadata": {
    "version": {
        "essentia": "2.1-beta1"
    }
},
"onsets": {
    "barkbands_kurtosis": {
        "Centroid": [0.688543438911],
        "Mean": [2859.34130859],
        "Median": [3905.46386719],
        "derAvAfterMax": [-0.00117355515249],
        "maxDerBeforeMax": [1022.77453613]
    },
    "barkbands_skewness": {
        "Centroid": [0.67055952549],
        "Mean": [41.1708869934],
        "Median": [57.3959312439],
        "derAvAfterMax": [-0.000895319506526],
        "maxDerBeforeMax": [12.5385169983]
    },
    "barkbands_spread": {
        "Centroid": [0.163595750928],
        "Mean": [1.58467292786],
        "Median": [0.106264196336],
        "derAvAfterMax": [-0.00469407439232],
        "maxDerBeforeMax": [2.36806797981]
    },
    "envelope": {
        "Centroid": [0.11459672451],
        "Mean": [0.00664199795574],
        "Median": [0.000918313395232],
        "derAvAfterMax": [-1.10081400635e-05],
        "maxDerBeforeMax": [0.00112673803233]
    },
    "mainHPCP0": {
        "Centroid": [0.503947019577],
        "Mean": [5.48069477081],
        "Median": [5],
        "derAvAfterMax": [-0.000352883042069],
        "maxDerBeforeMax": [6]
    },
    "mainHPCP1": {
        "Centroid": [0.482972323895],
        "Mean": [5.50810813904],
        "Median": [5],
        "derAvAfterMax": [0.000280741165625],
        "maxDerBeforeMax": [9]
    },
    "pitchSalience": {
        "Centroid": [0.500133574009],
        "Mean": [0.994432151318],
        "Median": [0.994663715363],
        "derAvAfterMax": [0.000381720485166],
        "maxDerBeforeMax": [0.99251049757]
    },
    "spectral_crest": {
        "Centroid": [0.517511963844],
        "Mean": [25.7412548065],
        "Median": [26.9522399902],
        "derAvAfterMax": [-2.4122376999e-05],
        "maxDerBeforeMax": [19.304233551]
    },
    "spectral_flatness_db": {
        "Centroid": [0.497391998768],
        "Mean": [0.524271011353],
        "Median": [0.52179479599],
        "derAvAfterMax": [-0.00024529240909],
        "maxDerBeforeMax": [0.289929121733]
    },
    "slice": {
        "time": [0.436689227819, 30.5110206604]
    }
},
"audiopath": "\/Users\/mhermant\/Documents\/Work\/Datasets\/IOWA\/theremin.music.uiowa.edu\/sound files\/MIS\/Piano_Other\/piano\/Piano.ff.D5.aiff"
}