{
"metadata": {
    "version": {
        "essentia": "2.1-beta1"
    }
},
"onsets": {
    "barkbands_kurtosis": {
        "Centroid": [0.746538937092],
        "Mean": [1971.69689941],
        "Median": [1254.20727539],
        "derAvAfterMax": [-0.00919639877975],
        "maxDerBeforeMax": [1038.05004883]
    },
    "barkbands_skewness": {
        "Centroid": [0.710397422314],
        "Mean": [31.6267318726],
        "Median": [29.5350227356],
        "derAvAfterMax": [-0.00719681149349],
        "maxDerBeforeMax": [11.2555007935]
    },
    "barkbands_spread": {
        "Centroid": [0.163736999035],
        "Mean": [1.70534527302],
        "Median": [0.191409915686],
        "derAvAfterMax": [-0.00286799273454],
        "maxDerBeforeMax": [4.34973478317]
    },
    "envelope": {
        "Centroid": [0.0780136361718],
        "Mean": [0.013070856221],
        "Median": [0.000964916602243],
        "derAvAfterMax": [-1.33283638206e-05],
        "maxDerBeforeMax": [0.00204039015807]
    },
    "mainHPCP0": {
        "Centroid": [0.622928917408],
        "Mean": [3.33136105537],
        "Median": [2],
        "derAvAfterMax": [0.00101522845216],
        "maxDerBeforeMax": [9]
    },
    "mainHPCP1": {
        "Centroid": [0.446664303541],
        "Mean": [6.15384626389],
        "Median": [6],
        "derAvAfterMax": [8.15993480501e-05],
        "maxDerBeforeMax": [9]
    },
    "pitchSalience": {
        "Centroid": [0.500161886215],
        "Mean": [0.994397342205],
        "Median": [0.994683146477],
        "derAvAfterMax": [-1.03508561722e-07],
        "maxDerBeforeMax": [0.992159903049]
    },
    "spectral_crest": {
        "Centroid": [0.528950273991],
        "Mean": [25.0327339172],
        "Median": [26.8867721558],
        "derAvAfterMax": [-0.000803682312835],
        "maxDerBeforeMax": [13.9557304382]
    },
    "spectral_flatness_db": {
        "Centroid": [0.51027327776],
        "Mean": [0.496836394072],
        "Median": [0.503868341446],
        "derAvAfterMax": [-0.000169317951077],
        "maxDerBeforeMax": [0.271919101477]
    },
    "slice": {
        "time": [0.494739085436, 35.8167800903]
    }
},
"audiopath": "\/Users\/mhermant\/Documents\/Work\/Datasets\/IOWA\/theremin.music.uiowa.edu\/sound files\/MIS\/Piano_Other\/piano\/Piano.ff.B4.aiff"
}