{
"metadata": {
    "version": {
        "essentia": "2.1-beta1"
    }
},
"onsets": {
    "barkbands_kurtosis": {
        "Centroid": [0.785636305809],
        "Mean": [1591.40148926],
        "Median": [658.260559082],
        "derAvAfterMax": [-0.0177140124142],
        "maxDerBeforeMax": [871.860595703]
    },
    "barkbands_skewness": {
        "Centroid": [0.741119980812],
        "Mean": [26.7699050903],
        "Median": [20.0134677887],
        "derAvAfterMax": [-0.0136783597991],
        "maxDerBeforeMax": [8.02849197388]
    },
    "barkbands_spread": {
        "Centroid": [0.139926597476],
        "Mean": [2.485247612],
        "Median": [0.270318686962],
        "derAvAfterMax": [-0.000245443749009],
        "maxDerBeforeMax": [8.15666103363]
    },
    "envelope": {
        "Centroid": [0.167827382684],
        "Mean": [0.00341382133774],
        "Median": [0.00099371036049],
        "derAvAfterMax": [-7.9340652519e-06],
        "maxDerBeforeMax": [0.0074131260626]
    },
    "mainHPCP0": {
        "Centroid": [0.477651804686],
        "Mean": [6.24750471115],
        "Median": [6],
        "derAvAfterMax": [-0.00019860973407],
        "maxDerBeforeMax": [9]
    },
    "mainHPCP1": {
        "Centroid": [0.513519048691],
        "Mean": [4.72255039215],
        "Median": [4],
        "derAvAfterMax": [-0.000264154252363],
        "maxDerBeforeMax": [7]
    },
    "pitchSalience": {
        "Centroid": [0.500094771385],
        "Mean": [0.994548857212],
        "Median": [0.994693636894],
        "derAvAfterMax": [2.53059511124e-07],
        "maxDerBeforeMax": [0.993763387203]
    },
    "spectral_crest": {
        "Centroid": [0.550077497959],
        "Mean": [23.8925113678],
        "Median": [26.7528171539],
        "derAvAfterMax": [-0.00134036119562],
        "maxDerBeforeMax": [9.95349025726]
    },
    "spectral_flatness_db": {
        "Centroid": [0.535658419132],
        "Mean": [0.46043753624],
        "Median": [0.488527625799],
        "derAvAfterMax": [-0.00127376185264],
        "maxDerBeforeMax": [0.290610194206]
    },
    "slice": {
        "time": [0.33219948411, 57.3300666809]
    }
},
"audiopath": "\/Users\/mhermant\/Documents\/Work\/Datasets\/IOWA\/theremin.music.uiowa.edu\/sound files\/MIS\/Piano_Other\/piano\/Piano.ff.Eb2.aiff"
}