{
"metadata": {
    "version": {
        "essentia": "2.1-beta1"
    }
},
"onsets": {
    "barkbands_kurtosis": {
        "Centroid": [0.855915665627],
        "Mean": [874.404541016],
        "Median": [94.9379425049],
        "derAvAfterMax": [-0.00367235648446],
        "maxDerBeforeMax": [846.154785156]
    },
    "barkbands_skewness": {
        "Centroid": [0.802122056484],
        "Mean": [16.4912242889],
        "Median": [6.44698810577],
        "derAvAfterMax": [-0.00297258421779],
        "maxDerBeforeMax": [6.7996673584]
    },
    "barkbands_spread": {
        "Centroid": [0.211147993803],
        "Mean": [1.83867931366],
        "Median": [0.694713592529],
        "derAvAfterMax": [-0.000974193040747],
        "maxDerBeforeMax": [13.0134773254]
    },
    "envelope": {
        "Centroid": [0.150041490793],
        "Mean": [0.00502233533189],
        "Median": [0.00121534930076],
        "derAvAfterMax": [-6.67745462124e-06],
        "maxDerBeforeMax": [0.012060534209]
    },
    "mainHPCP0": {
        "Centroid": [0.486482143402],
        "Mean": [8.59548473358],
        "Median": [10],
        "derAvAfterMax": [0.00106213486288],
        "maxDerBeforeMax": [11]
    },
    "mainHPCP1": {
        "Centroid": [0.493786662817],
        "Mean": [5.18132638931],
        "Median": [4],
        "derAvAfterMax": [-0.00368493772112],
        "maxDerBeforeMax": [10]
    },
    "pitchSalience": {
        "Centroid": [0.500003695488],
        "Mean": [0.994782447815],
        "Median": [0.994798541069],
        "derAvAfterMax": [0.000554852187634],
        "maxDerBeforeMax": [0.993060112]
    },
    "spectral_crest": {
        "Centroid": [0.576357424259],
        "Mean": [21.5879554749],
        "Median": [25.3968162537],
        "derAvAfterMax": [-0.00106233160477],
        "maxDerBeforeMax": [6.24857711792]
    },
    "spectral_flatness_db": {
        "Centroid": [0.523059785366],
        "Mean": [0.462138056755],
        "Median": [0.466895133257],
        "derAvAfterMax": [-0.0017074958887],
        "maxDerBeforeMax": [0.213208854198]
    },
    "slice": {
        "time": [0.436689227819, 49.8068008423]
    }
},
"audiopath": "\/Users\/mhermant\/Documents\/Work\/Datasets\/IOWA\/theremin.music.uiowa.edu\/sound files\/MIS\/Piano_Other\/piano\/Piano.ff.C1.aiff"
}